[
  {
    "NomeCompleto": "Ana Silva",
    "Endereco": "Rua das Flores, 123, Cidade Alegre",
    "Nacionalidade": "Brasileira",
    "Idade": 25,
    "Sexo": "Feminino"
  },
  {
    "NomeCompleto": "Marcos Silva",
    "Endereco": "Rua da paz, 10, Cidade Sáo paulo",
    "Nacionalidade": "Brasileiro",
    "Idade": 20,
    "Sexo": "Masculino"
  },
  {
    "NomeCompleto": "Mario costa",
    "Endereco": "Rua qualquer, 000, Cidade Ademar",
    "Nacionalidade": "Brasileiro",
    "Idade": 35,
    "Sexo": "Masculino"
  },
  {
    "NomeCompleto": "Sandra sales",
    "Endereco": "Rua dos qualquer, 1235, Cidade qual quer",
    "Nacionalidade": "Brasileira",
    "Idade": 55,
    "Sexo": "Feminino"
  },
  {
    "NomeCompleto": "Silva Silvia",
    "Endereco": "Rua da silva, 111, Cidade Silveira",
    "Nacionalidade": "Brasileira",
    "Idade": 75,
    "Sexo": "Feminino"
  },
  {
    "NomeCompleto": "Pedro pedro",
    "Endereco": "Rua das pedros, 222, Cidade Pedro",
    "Nacionalidade": "Brasileiro",
    "Idade": 15,
    "Sexo": "Masculino"
  },
  {
    "NomeCompleto": "Ana ana",
    "Endereco": "Rua das Anas, 333, Cidade Ana do sul",
    "Nacionalidade": "Brasileira",
    "Idade": 35,
    "Sexo": "Feminino"
  },
  {
    "NomeCompleto": "Maria vai",
    "Endereco": "Rua vai, 5555, Cidade Vai",
    "Nacionalidade": "Brasileira",
    "Idade": 95,
    "Sexo": "Feminino"
  },
  {
    "NomeCompleto": "João de la",
    "Endereco": "Rua da frente, 1212, Cidade Baixa",
    "Nacionalidade": "Brasileiro",
    "Idade": 65,
    "Sexo": "Masculino"
  }
  
]
